<?xml version="1.0" encoding="UTF-8"?>
<vcs-root xmlns:xsi="http://www.w3.org/2001/XMLSchema-instance" uuid="6fd3ea04-781b-4e78-bc12-4646e140bc84" type="jetbrains.git" xsi:noNamespaceSchemaLocation="https://www.jetbrains.com/teamcity/schemas/2021.1/project-config.xsd">
  <name>https://github.com/AdamAntinoo/neocom-infinity.git#refs/heads/master</name>
  <param name="agentCleanFilesPolicy" value="ALL_UNTRACKED" />
  <param name="agentCleanPolicy" value="ON_BRANCH_CHANGE" />
  <param name="authMethod" value="PASSWORD" />
  <param name="branch" value="refs/heads/main" />
  <param name="ignoreKnownHosts" value="true" />
  <param name="secure:password" value="zxx4c96fd608356ed5042cc9f709c0140666760588158f267892b8dddf12bf743b12f97beaa3971e272775d03cbe80d301b" />
  <param name="submoduleCheckout" value="CHECKOUT" />
  <param name="teamcity:branchSpec" value="refs/heads/*" />
  <param name="url" value="https://github.com/AdamAntinoo/neocom-infinity.git" />
  <param name="useAlternates" value="AUTO" />
  <param name="username" value="AdamAntinoo" />
  <param name="usernameStyle" value="USERID" />
</vcs-root>

