<?xml version="1.0" encoding="UTF-8"?>
<build-type xmlns:xsi="http://www.w3.org/2001/XMLSchema-instance" uuid="e48d1cec-cc36-451d-a47b-fbdd324a1ad3" xsi:noNamespaceSchemaLocation="https://www.jetbrains.com/teamcity/schemas/2021.1/project-config.xsd">
  <name>A2.Build NIN</name>
  <description>Compile and build the backend Node services. neocom-infinity-nest</description>
  <settings>
    <parameters />
    <build-runners>
      <runner id="nodejs_runner" name="Compile NIN" type="nodejs-runner">
        <parameters>
          <param name="plugin.docker.imageId" value="node:20.12.1-slim" />
          <param name="plugin.docker.imagePlatform" value="linux" />
          <param name="shellScript"><![CDATA[npm install
npm run build]]></param>
          <param name="teamcity.build.workingDir" value="neocom-infinity-nest" />
          <param name="teamcity.step.mode" value="default" />
        </parameters>
      </runner>
    </build-runners>
    <vcs-settings>
      <vcs-entry-ref root-id="NeocomInfinity_HttpsGithubComAdamAntinooNeocomInfinityGitRefsHeadsMaster" />
    </vcs-settings>
    <requirements />
    <build-triggers />
    <build-extensions>
      <extension id="perfmon" type="perfmon">
        <parameters>
          <param name="teamcity.perfmon.feature.enabled" value="true" />
        </parameters>
      </extension>
    </build-extensions>
    <cleanup />
  </settings>
</build-type>

