<?xml version="1.0" encoding="UTF-8"?>
<build-type xmlns:xsi="http://www.w3.org/2001/XMLSchema-instance" uuid="cdd62d1a-1c05-4c65-b4f0-fce92cdb2da6" xsi:noNamespaceSchemaLocation="https://www.jetbrains.com/teamcity/schemas/2021.1/project-config.xsd">
  <name>BZ. Testing</name>
  <description>Run all other Test steps and consolidate the results. If this step completes then we can approve deployment.</description>
  <settings>
    <options>
      <option name="showDependenciesChanges" value="true" />
    </options>
    <parameters />
    <build-runners>
      <runner id="S1_Print_Environment" name="S1. Print Environment" type="simpleRunner">
        <parameters>
          <param name="script.content"><![CDATA[echo ">>> System environment"
printenv | sort
echo "<<<<<"
echo ">>> TeamCity environment"
echo "<<<<<"]]></param>
          <param name="teamcity.step.mode" value="default" />
          <param name="use.custom.script" value="true" />
        </parameters>
      </runner>
    </build-runners>
    <vcs-settings />
    <requirements />
    <build-triggers>
      <build-trigger id="TRIGGER_7" type="vcsTrigger">
        <parameters>
          <param name="branchFilter" value="+:*" />
          <param name="groupCheckinsByCommitter" value="true" />
          <param name="perCheckinTriggering" value="true" />
          <param name="quietPeriodMode" value="USE_DEFAULT" />
          <param name="watchChangesInDependencies" value="true" />
        </parameters>
      </build-trigger>
    </build-triggers>
    <dependencies>
      <depend-on sourceBuildTypeId="NeocomInfinity_B2TestNin_2">
        <options>
          <option name="run-build-if-dependency-failed" value="RUN_ADD_PROBLEM" />
          <option name="take-started-build-with-same-revisions" value="true" />
          <option name="take-successful-builds-only" value="true" />
        </options>
      </depend-on>
      <depend-on sourceBuildTypeId="NeocomInfinity_B1TestNib">
        <options>
          <option name="run-build-if-dependency-failed" value="RUN_ADD_PROBLEM" />
          <option name="take-started-build-with-same-revisions" value="true" />
          <option name="take-successful-builds-only" value="true" />
        </options>
      </depend-on>
      <depend-on sourceBuildTypeId="NeocomInfinity_A3BuildNif">
        <options>
          <option name="run-build-if-dependency-failed" value="RUN_ADD_PROBLEM" />
          <option name="take-started-build-with-same-revisions" value="true" />
          <option name="take-successful-builds-only" value="true" />
        </options>
      </depend-on>
      <depend-on sourceBuildTypeId="NeocomInfinity_A2BuildNin">
        <options>
          <option name="run-build-if-dependency-failed" value="RUN_ADD_PROBLEM" />
          <option name="take-started-build-with-same-revisions" value="true" />
          <option name="take-successful-builds-only" value="true" />
        </options>
      </depend-on>
      <depend-on sourceBuildTypeId="NeocomInfinity_A1BuildNib">
        <options>
          <option name="run-build-if-dependency-failed" value="RUN_ADD_PROBLEM" />
          <option name="take-started-build-with-same-revisions" value="true" />
          <option name="take-successful-builds-only" value="true" />
        </options>
      </depend-on>
    </dependencies>
    <cleanup />
  </settings>
</build-type>

