<?xml version="1.0" encoding="UTF-8"?>
<build-type xmlns:xsi="http://www.w3.org/2001/XMLSchema-instance" uuid="444ec16a-aad4-4179-92e2-62f135161f1f" xsi:noNamespaceSchemaLocation="https://www.jetbrains.com/teamcity/schemas/2021.1/project-config.xsd">
  <name>B2.Test NIN</name>
  <description>Run unit testing for the neocom-infinity-nest application</description>
  <settings>
    <parameters />
    <build-runners>
      <runner id="nodejs_runner" name="Unit Test NIN" type="nodejs-runner">
        <parameters>
          <param name="plugin.docker.imageId" value="node:20.12.1-slim" />
          <param name="plugin.docker.imagePlatform" value="linux" />
          <param name="shellScript"><![CDATA[npm install
npm run test]]></param>
          <param name="teamcity.build.workingDir" value="neocom-infinity-nest" />
          <param name="teamcity.step.mode" value="default" />
        </parameters>
      </runner>
    </build-runners>
    <vcs-settings>
      <vcs-entry-ref root-id="NeocomInfinity_HttpsGithubComAdamAntinooNeocomInfinityGitRefsHeadsMaster" />
    </vcs-settings>
    <requirements />
    <build-triggers />
    <dependencies>
      <depend-on sourceBuildTypeId="NeocomInfinity_A2BuildNin">
        <options>
          <option name="run-build-if-dependency-failed" value="RUN_ADD_PROBLEM" />
          <option name="take-started-build-with-same-revisions" value="true" />
          <option name="take-successful-builds-only" value="true" />
        </options>
      </depend-on>
    </dependencies>
    <cleanup />
  </settings>
</build-type>

