<?xml version="1.0" encoding="UTF-8"?>
<build-type xmlns:xsi="http://www.w3.org/2001/XMLSchema-instance" uuid="24ef8886-ad7a-44c0-9a12-178d93d68425" xsi:noNamespaceSchemaLocation="https://www.jetbrains.com/teamcity/schemas/2021.1/project-config.xsd">
  <name>A1.Build NIB</name>
  <description>Compile and build the backend for NeoCom. neocom-infinity-backend</description>
  <settings>
    <parameters />
    <build-runners>
      <runner id="A1_Build_NIB" name="Compile NIB" type="gradle-runner">
        <parameters>
          <param name="teamcity.build.workingDir" value="neocom-infinity-backend" />
          <param name="teamcity.coverage.emma.include.source" value="true" />
          <param name="teamcity.coverage.emma.instr.parameters" value="-ix -*Test*" />
          <param name="teamcity.coverage.idea.includePatterns" value="*" />
          <param name="teamcity.coverage.jacoco.patterns" value="+:*" />
          <param name="teamcity.step.mode" value="default" />
          <param name="teamcity.tool.jacoco" value="%teamcity.tool.jacoco.DEFAULT%" />
          <param name="ui.gradleRUnner.gradle.build.file" value="build.gradle" />
          <param name="ui.gradleRunner.gradle.tasks.names" value="clean compileJava compileTestJava compileAcceptanceJava compileIntegrationJava" />
          <param name="ui.gradleRunner.gradle.wrapper.useWrapper" value="true" />
        </parameters>
      </runner>
    </build-runners>
    <vcs-settings>
      <vcs-entry-ref root-id="NeocomInfinity_HttpsGithubComAdamAntinooNeocomInfinityGitRefsHeadsMaster" />
    </vcs-settings>
    <requirements />
    <build-triggers />
    <build-extensions>
      <extension id="perfmon" type="perfmon">
        <parameters>
          <param name="teamcity.perfmon.feature.enabled" value="true" />
        </parameters>
      </extension>
    </build-extensions>
    <cleanup />
  </settings>
</build-type>

