<?xml version="1.0" encoding="UTF-8"?>
<build-type xmlns:xsi="http://www.w3.org/2001/XMLSchema-instance" uuid="c802f2b9-ebc4-4192-b8c4-2a31346eeb1f" xsi:noNamespaceSchemaLocation="https://www.jetbrains.com/teamcity/schemas/2021.1/project-config.xsd">
  <name>D2.Deploy NIN</name>
  <description>Create a new docker image for the application neocom-infinity-nest</description>
  <settings ref="NeocomInfinity_DDeploy">
    <options>
      <option name="artifactRules" value="neocom-infinity-nest/.deploy =&gt; neocom-infinity-nest/.deploy" />
    </options>
    <parameters>
      <param name="APP_CODE" value="neonest" />
      <param name="EXPOSE_PORT_BASE" value="32020" />
      <param name="MODULE_NAME" value="nest" />
      <param name="PORT" value="3000" />
      <param name="PROJECT_CODE" value="nest" />
    </parameters>
    <build-runners>
      <runner id="Generate_image_NIN" name="S2. Deploy NIN to Kubernetes" type="simpleRunner">
        <parameters>
          <param name="script.content"><![CDATA[# D E P L O Y   K U B E R N E T E S
# Deploy the image to the Kubernetes namespace
#
# - variables required to be on the environment.
# APP_CODE - the reduced application string like 'neonest'.
# ENV - the selector between a deployment and a production release
# NAMESPACE - the destination Kubernetes namespace.
# PORT - the standard service port of the application under the declared service. Ir is static for an application.
# EXPOSE_PORT - the port number exposed to the localhost. It should change depending on the ENV.
# VERSION - the image version that is assigned to the pod.
# MODULE_NAME - the infinity module name. It is the long directory name of the software module.
# IMAGE_TAG - the Dicker repository image tag name. Usually the module+version.

# - define variables for deployment
export APP_CODE=%APP_CODE%
export ENV=%env.ENV%
export NAMESPACE="neocom-$ENV"
export PORT=%PORT%
export EXPOSE_PORT=%env.EXPOSE_PORT%
export VERSION=%env.VERSION%
export MODULE_NAME=%PROJECT_NAME%
export IMAGE_TAG=%PROJECT_NAME%:$VERSION
export DEPLOY_DIR=%teamcity.build.checkoutDir%/%PROJECT_NAME%/.deploy

cat $DEPLOY_DIR/deployment.template.yaml | envsubst > $DEPLOY_DIR/deployment.yaml
echo '>>>>> Kubernetes deployment file'
cat $DEPLOY_DIR/deployment.yaml
echo '<<<<<'

kubectl apply -f $DEPLOY_DIR/deployment.yaml]]></param>
          <param name="teamcity.step.mode" value="default" />
          <param name="use.custom.script" value="true" />
        </parameters>
      </runner>
    </build-runners>
    <vcs-settings>
      <vcs-entry-ref root-id="NeocomInfinity_HttpsGithubComAdamAntinooNeocomInfinityGitRefsHeadsMaster" />
    </vcs-settings>
    <requirements />
    <build-triggers />
    <dependencies>
      <depend-on sourceBuildTypeId="NeocomInfinity_C2CreateImageNin">
        <options>
          <option name="run-build-if-dependency-failed-to-start" value="CANCEL" />
          <option name="take-started-build-with-same-revisions" value="true" />
          <option name="take-successful-builds-only" value="true" />
        </options>
      </depend-on>
    </dependencies>
    <cleanup />
  </settings>
</build-type>

